id;name;slug;description;parent_id;active;sort_order;is_visible
b71b4b64-9c79-4b74-b46a-40bbf389088c;Advent Calendars;adventskalender;;f682d077-a645-4b45-bf76-6134db59dc83;True;0;True
6bd03ab7-ed73-438e-8550-7c67fd5c7770;Area Rugs, Runners & Pads;teppiche-laeufer-unterlagen;;bd15f438-3fc4-430b-9d62-52ebc40fa63d;True;0;True
759ae32a-6c33-441c-b3ed-547e8c604522;Artificial Grass;kunstrasen;;3ce24aa7-d42f-4dc9-a085-50357eb34a88;True;0;True
dd5fff22-78e9-4c6d-899f-ff73bc6ed2f2;Artificial Plants & Flowers;kunstpflanzen-blumen;;bd15f438-3fc4-430b-9d62-52ebc40fa63d;True;0;True
1562d7ff-80bf-4e32-8e40-280a2e22e82d;Artificial Snow;kunstschnee;;f682d077-a645-4b45-bf76-6134db59dc83;True;0;True
13f11478-88a0-4bb1-b1a4-89496312eb86;Backyard Birding & Wildlife;garten-vogelbeobachtung-wildtiere;;3ce24aa7-d42f-4dc9-a085-50357eb34a88;True;0;True
8aa886c2-bdc4-4b5f-be6b-01d5f9ec2b4d;Candles & Candleholders;kerzen-kerzenhalter;;bd15f438-3fc4-430b-9d62-52ebc40fa63d;True;0;True
c7d8e784-f26f-4134-893b-b4b316ae6686;Christmas Candleholders;weihnachtskerzenhalter;;f682d077-a645-4b45-bf76-6134db59dc83;True;0;True
69474ce4-3150-4abe-9201-75523856563e;Christmas Collectible Buildings;weihnachtliche-sammlerhaeuser;;f682d077-a645-4b45-bf76-6134db59dc83;True;0;True
9928de99-3aca-4c47-8dce-ffb7d4e6fcf3;Christmas Collectible Figurines;weihnachts-sammelfiguren;;f682d077-a645-4b45-bf76-6134db59dc83;True;0;True
07f652d4-fbd0-473b-a590-6879b15e4dc8;Christmas Nutcrackers;weihnachtsnussknacker;;f682d077-a645-4b45-bf76-6134db59dc83;True;0;True
1741e1bd-c7bf-4151-9d6b-c45aec8fb316;Christmas Ornaments;weihnachtsbaumschmuck;;f682d077-a645-4b45-bf76-6134db59dc83;True;0;True
ed5db7ab-e05e-406b-8903-091588250949;Christmas Snow Globes;weihnachts-schneekugeln;;f682d077-a645-4b45-bf76-6134db59dc83;True;0;True
262310e6-7c11-4789-94fc-e3af03b0e5ab;Christmas Stockings & Holders;weihnachtsstruempfe-halter;;f682d077-a645-4b45-bf76-6134db59dc83;True;0;True
9fe8c55f-a183-4884-ba91-f3e8c855b981;Christmas Tree Skirts;christbaumdecken;;f682d077-a645-4b45-bf76-6134db59dc83;True;0;True
36df3fc4-2441-4996-91b1-0cec06b84cbb;Christmas Tree Stands;christbaumstaender;;f682d077-a645-4b45-bf76-6134db59dc83;True;0;True
65e55f52-38f5-4783-9e38-7c5820144ecf;Christmas Tree Toppers;weihnachtsbaumspitzen;;f682d077-a645-4b45-bf76-6134db59dc83;True;0;True
59c41da9-2024-4bc1-8ffe-5ce344b6657c;Christmas Trees;weihnachtsbaeume;;f682d077-a645-4b45-bf76-6134db59dc83;True;0;True
f8c69380-fe07-43b1-ae92-877f37a7651e;Christmas Wreaths, Garlands & Swags;weihnachtskraenze-girlanden-gehaenge;;f682d077-a645-4b45-bf76-6134db59dc83;True;0;True
893825f6-6911-4b6d-bdb0-9be294cb8846;Clocks;uhren;;bd15f438-3fc4-430b-9d62-52ebc40fa63d;True;0;True
a63576ee-87be-4e41-a1c6-396b2519113a;Decorative Address Signs;dekorative-hausnummernschilder;;3ce24aa7-d42f-4dc9-a085-50357eb34a88;True;0;True
41e6d494-bf64-492b-b109-52bacee3ec7c;Decorative Fences;zierzaeune;;3ce24aa7-d42f-4dc9-a085-50357eb34a88;True;0;True
0e39d5e9-f305-4430-8b5c-012ed7621acf;Decorative Garden Stakes;dekorative-gartenstecker;;3ce24aa7-d42f-4dc9-a085-50357eb34a88;True;0;True
a7b269aa-58ae-4827-a531-272f6990d6ac;Decorative Garden Stools;dekorative-gartenhocker;;3ce24aa7-d42f-4dc9-a085-50357eb34a88;True;0;True
10ec0c25-c4e4-4cf3-af98-af0bf1b0a7ba;Decorative Mailbox Accessories;dekoratives-briefkastenzubehoer;;3ce24aa7-d42f-4dc9-a085-50357eb34a88;True;0;True
260e73a1-76bc-4fdc-9339-3f89993dcedf;Decorative Seasonal Bows & Ribbons;dekorative-saison-schleifen-baender;;f682d077-a645-4b45-bf76-6134db59dc83;True;0;True
2c092df6-31cf-4443-919b-308aac84f6b6;Dried & Preserved Flora;getrocknete-konservierte-pflanzen;;bd15f438-3fc4-430b-9d62-52ebc40fa63d;True;0;True
74858a0a-d52f-41a2-adad-226985e8935b;Flagpole Hardware;fahnenmast-beschlaege;;3ce24aa7-d42f-4dc9-a085-50357eb34a88;True;0;True
fdd3ad18-ab1d-4be8-9976-ad12bdbdd6b6;Garage Door Decorations;garagentor-dekorationen;;3ce24aa7-d42f-4dc9-a085-50357eb34a88;True;0;True
414acfa1-d0a4-46da-97bf-5de2417a72e3;Garden Bridges;gartenbruecken;;3ce24aa7-d42f-4dc9-a085-50357eb34a88;True;0;True
b093f5ce-cb10-42d6-9452-fe6729c0ade5;Garden Hardscaping Materials;materialien-fuer-gartenbau-hardscaping;;3ce24aa7-d42f-4dc9-a085-50357eb34a88;True;0;True
0d2209dc-1822-4882-8eb0-956cec74a5ff;Garden Sculptures & Statues;gartenskulpturen-statuen;;3ce24aa7-d42f-4dc9-a085-50357eb34a88;True;0;True
b20c58fc-bb2c-43fd-bffe-3dcbba39c826;Holiday Tree Care & Watering;weihnachtsbaumpflege-und-bewaesserung;;f682d077-a645-4b45-bf76-6134db59dc83;True;0;True
47375d61-be4d-4be1-8b6f-cddcb796e95a;Holiday Tree Trays & Mats;weihnachtsbaum-untersetzer-matten;;f682d077-a645-4b45-bf76-6134db59dc83;True;0;True
b1f85269-7f2f-4cdd-8156-f494723089d8;Home Decor Accents;wohnaccessoires;;bd15f438-3fc4-430b-9d62-52ebc40fa63d;True;0;True
6df2120d-e5e9-44a7-b7fd-4b58a0db1c10;Home Fragrance Products;raumduft-produkte;;bd15f438-3fc4-430b-9d62-52ebc40fa63d;True;0;True
279583e1-ac6d-44ce-b5ce-a17172dae1b7;Indoor Fountains & Accessories;zimmerbrunnen-zubehoer;;bd15f438-3fc4-430b-9d62-52ebc40fa63d;True;0;True
3cc3cac1-7a33-482e-88e0-a1cc12742108;Kids Backpacks & Lunch Boxes;kinderrucksaecke-brotdosen;;5c0cb5d3-0341-4d7a-bccf-b1c97d825561;True;0;True
9308de08-e417-4d85-8fd5-a1301c3d9392;Kids Room Decor;kinderzimmerdekoration-wohndekorationsprodukte;;bd15f438-3fc4-430b-9d62-52ebc40fa63d;True;0;True
f3d531e7-39ad-47f5-9660-6337bbba1561;Mailbox Covers;briefkastenabdeckungen;;3ce24aa7-d42f-4dc9-a085-50357eb34a88;True;0;True
2a1e49fd-d901-4749-8a19-4107ec55bd4b;Mirrors;spiegel;;bd15f438-3fc4-430b-9d62-52ebc40fa63d;True;0;True
8b64f356-f3b6-4c26-9188-0dfd67a34eba;Nativity Sets & Figures;krippen-figuren;;f682d077-a645-4b45-bf76-6134db59dc83;True;0;True
aa21271e-56d5-4796-9b60-d2adde2c71f0;Nursery Decor;kinderzimmerdekoration;;02a355e7-2b49-441d-a54c-5f5ee1bbb64d;True;0;True
bbfb9c44-3ec9-4235-a5e5-c4f1d5fddb3e;Nursery Furniture;kinderzimmermoebel;;02a355e7-2b49-441d-a54c-5f5ee1bbb64d;True;0;True
95500ed1-e832-49b4-988e-c4294c36eed6;Oil Lamps & Accessories;oellampen-zubehoer;;bd15f438-3fc4-430b-9d62-52ebc40fa63d;True;0;True
7ccb1fe6-b6be-4754-b428-8f3af825285e;Ornament Hooks;schmuckhaken;;f682d077-a645-4b45-bf76-6134db59dc83;True;0;True
884e5554-57b4-4602-88b1-206696cd72b6;Outdoor Clocks;aussenuhren;;3ce24aa7-d42f-4dc9-a085-50357eb34a88;True;0;True
0dad045d-9a5f-472b-ad1c-f6d7df26e4ee;Outdoor Curtains;outdoor-vorhaenge;;3ce24aa7-d42f-4dc9-a085-50357eb34a88;True;0;True
66d3fe84-467c-45e7-8392-b3f253f3c9a7;Outdoor Decorative Lighting;dekorative-aussenbeleuchtung;;3ce24aa7-d42f-4dc9-a085-50357eb34a88;True;0;True
d50f99ee-9f60-4bae-8c79-fe3f34ff4fe5;Outdoor Doormats;outdoor-fussmatten;;3ce24aa7-d42f-4dc9-a085-50357eb34a88;True;0;True
e3a03d87-6692-4ad0-a921-e8646781fbf8;Outdoor Flags & Banners;fahnen-banner-fuer-draussen;;3ce24aa7-d42f-4dc9-a085-50357eb34a88;True;0;True
e3d20935-cd85-466a-9f50-4101e4b8e37f;Outdoor Fountain Accessories;brunnenzubehoer-fuer-draussen;;3ce24aa7-d42f-4dc9-a085-50357eb34a88;True;0;True
ebf8aaed-d4fc-42ad-94a7-c9abcf7e1846;Outdoor Fountains;gartenbrunnen;;3ce24aa7-d42f-4dc9-a085-50357eb34a88;True;0;True
f20e7cc4-b521-4636-9fd2-329881acf48b;Outdoor Hanging Brackets;aufhaengehalterungen-fuer-draussen;;3ce24aa7-d42f-4dc9-a085-50357eb34a88;True;0;True
9cb9a77b-5809-4fb3-905e-03407ec236f1;Outdoor Holiday Decorations;outdoor-feiertagsdekorationen;;3ce24aa7-d42f-4dc9-a085-50357eb34a88;True;0;True
87c3f8e0-2774-4fb5-ab1e-c3b7d768e39f;Outdoor Plaques & Wall Art;outdoor-schilder-wandkunst;;3ce24aa7-d42f-4dc9-a085-50357eb34a88;True;0;True
ce891aca-7cf1-44f8-8a75-ebff26b76d34;Outdoor Rugs;outdoor-teppiche;;3ce24aa7-d42f-4dc9-a085-50357eb34a88;True;0;True
ba245964-3126-4f45-bfba-0e8077585cb8;Outdoor Shepherds Hooks;outdoor-gartenstecker-shepherds-hook;;3ce24aa7-d42f-4dc9-a085-50357eb34a88;True;0;True
ca3a5418-d5a0-4c7a-8ace-82693b9b031a;Photo Albums & Accessories;fotoalben-zubehoer;;bd15f438-3fc4-430b-9d62-52ebc40fa63d;True;0;True
716c29c3-5f9a-4c2f-9ce6-8e20b5ff0308;Photo Albums, Frames & Accessories;fotoalben-rahmen-zubehoer;;bd15f438-3fc4-430b-9d62-52ebc40fa63d;True;0;True
3a8cdea2-5b20-4ac5-a235-a54657aaccf1;Pond Equipment;teichausruestung;;3ce24aa7-d42f-4dc9-a085-50357eb34a88;True;0;True
c12a4b87-79a0-4362-a9af-21640f42dd86;Rain Chains;regenketten;;3ce24aa7-d42f-4dc9-a085-50357eb34a88;True;0;True
85127695-2507-4112-98e7-b1c95749a2e9;Rugs, Pads & Protectors;teppiche-unterlagen-schutzmatten;;bd15f438-3fc4-430b-9d62-52ebc40fa63d;True;0;True
095864df-3137-4d56-a960-5f50d2d7248e;Seasonal Lighting;saisonbeleuchtung;;f682d077-a645-4b45-bf76-6134db59dc83;True;0;True
f9370109-7238-4a4d-8645-51d7bedc1921;Seasonal Tinsel;saisonales-lametta;;f682d077-a645-4b45-bf76-6134db59dc83;True;0;True
ab2d9ba5-7810-4c19-9cd8-8c84bb16b3d5;Slipcovers;moebelbezuege;;bd15f438-3fc4-430b-9d62-52ebc40fa63d;True;0;True
cbb8b457-2029-4866-ad76-e9e7968b59c0;Tapestries;wandteppiche;;bd15f438-3fc4-430b-9d62-52ebc40fa63d;True;0;True
5997f71d-0e24-4e62-80bc-7f349f8ce057;Thermometers & Weather Instruments;thermometer-wetterinstrumente;;3ce24aa7-d42f-4dc9-a085-50357eb34a88;True;0;True
72f3ee33-714f-468c-9da5-ab27cb3b77c0;Toy Chests & Storage;spielzeugtruhen-aufbewahrung;;5c0cb5d3-0341-4d7a-bccf-b1c97d825561;True;0;True
e36474b4-2590-4696-9c84-bcd3d2f0ea09;Under Door Draft Stoppers;tuerzugluftstopper;;bd15f438-3fc4-430b-9d62-52ebc40fa63d;True;0;True
645a35b9-1398-4231-ac86-8d23f69c35ef;Vase Fillers;vaseneinfuellungen;;bd15f438-3fc4-430b-9d62-52ebc40fa63d;True;0;True
1be51fde-9550-4a5e-8722-3226d7e2c854;Vases;vasen;;bd15f438-3fc4-430b-9d62-52ebc40fa63d;True;0;True
85c24026-bff1-4e9e-8f69-d0f3ef008f21;Weathervanes;wetterfahnen;;3ce24aa7-d42f-4dc9-a085-50357eb34a88;True;0;True
1375e5b5-880b-4713-afdc-fe2e54a50c9e;Wind Chimes;windspiele;;3ce24aa7-d42f-4dc9-a085-50357eb34a88;True;0;True
1a1e531a-0f44-4702-8dc8-9876de7253a5;Window Treatment Hardware;fensterdekoration-beschlaege;;bd15f438-3fc4-430b-9d62-52ebc40fa63d;True;0;True
569ae0cf-8293-431a-80f0-49a7c88e40c4;Window Treatments;fensterdekorationen;;bd15f438-3fc4-430b-9d62-52ebc40fa63d;True;0;True
45c1894d-1ad8-45ee-b9b9-71bbd5449554;Yard Signs;gartenschilder;;3ce24aa7-d42f-4dc9-a085-50357eb34a88;True;0;True
